insert into administradors values('11111111A', 'Admin', 'Gotera', 'admin@gmail.com', '21232f297a57a5a743894a0e4a801fc3', 'admin');
insert into administradors values('11111111B', 'Primer', 'Professor', 'primerprofessor@gmail.com', '3f9cd3c7b11eb1bae99dddb3d05da3c5', 'professor');
insert into administradors values('11111111C', 'Segon', 'Professor', 'segonprofessor@gmail.com', '3f9cd3c7b11eb1bae99dddb3d05da3c5', 'professor');
insert into administradors values('11111111D', 'Tercer', 'Professor', 'tercerprofessor@gmail.com', '3f9cd3c7b11eb1bae99dddb3d05da3c5', 'professor');

insert into alumnes values('22222222A', 'Tracy', 'Herman', 'tracyherman@gmail.com', 'c98a0d7fe575cc92f0cc931db5e31552', 'Masquefa', 'Major 28', '937725050', '11111111B', 0, '0cc175b9c0f1b6a831c399e269772661');
insert into alumnes values('22222222B', 'Jay', 'Durgan Jr', 'jaydurganjr@gmail.com', 'c98a0d7fe575cc92f0cc931db5e31552', 'Masquefa', 'Major 28', '937725050', '11111111C', 0, '0cc175b9c0f1b6a831c399e269772661');
insert into alumnes values('22222222C', 'Felicity', 'Durgan', 'felicitydurgan@gmail.com', 'c98a0d7fe575cc92f0cc931db5e31552', 'Masquefa', 'Major 28', '937725050', '11111111C', 0, '0cc175b9c0f1b6a831c399e269772661');
insert into alumnes values('22222222D', 'Miss Mabelle', 'Crist', 'mismabellecrist@gmail.com', 'c98a0d7fe575cc92f0cc931db5e31552', 'Masquefa', 'Major 28', '937725050', '11111111C', 0, '0cc175b9c0f1b6a831c399e269772661');
insert into alumnes values('22222222E', 'Hassan', 'Kuhlman', 'hassankuhlman@gmail.com', 'c98a0d7fe575cc92f0cc931db5e31552', 'Masquefa', 'Major 28', '937725050', '11111111B', 0, '0cc175b9c0f1b6a831c399e269772661');
insert into alumnes values('22222222F', 'Jaqueline', 'Kohler', 'jaquelinekohler@gmail.com', 'c98a0d7fe575cc92f0cc931db5e31552', 'Masquefa', 'Major 28', '937725050', '11111111B', 0, '0cc175b9c0f1b6a831c399e269772661');
insert into alumnes values('22222222G', 'Lavina', 'Bosco', 'lavinabosco@gmail.com', 'c98a0d7fe575cc92f0cc931db5e31552', 'Masquefa', 'Major 28', '937725050', '11111111D', 0, '0cc175b9c0f1b6a831c399e269772661');
insert into alumnes values('22222222H', 'Darrion', 'Kunde', 'darrionkunde@gmail.com', 'c98a0d7fe575cc92f0cc931db5e31552', 'Masquefa', 'Major 28', '937725050', '11111111D', 0, '0cc175b9c0f1b6a831c399e269772661');
insert into alumnes values('22222222I', 'Tre', 'Jacobs', 'trejacobs@gmail.com', 'c98a0d7fe575cc92f0cc931db5e31552', 'Masquefa', 'Major 28', '937725050', '11111111D', 0, '0cc175b9c0f1b6a831c399e269772661');
insert into alumnes values('22222222J', 'Malachi', 'Jacobs', 'malachijacobs@gmail.com', 'c98a0d7fe575cc92f0cc931db5e31552', 'Masquefa', 'Major 28', '937725050', '11111111D', 0, '0cc175b9c0f1b6a831c399e269772661');
insert into alumnes values('22222222K', 'Lois', 'Parisan', 'loisparisan@gmail.com', 'c98a0d7fe575cc92f0cc931db5e31552', 'Masquefa', 'Major 28', '937725050', '11111111B', 0, '0cc175b9c0f1b6a831c399e269772661');
insert into alumnes values('22222222L', 'Judson', 'Wunsch', 'judsonwunsch@gmail.com', 'c98a0d7fe575cc92f0cc931db5e31552', 'Masquefa', 'Major 28', '937725050', '11111111C', 0, '0cc175b9c0f1b6a831c399e269772661');
insert into alumnes values('22222222M', 'Kathlyn', 'Abott', 'kathlynabott@gmail.com', 'c98a0d7fe575cc92f0cc931db5e31552', 'Masquefa', 'Major 28', '937725050', '11111111C', 0, '0cc175b9c0f1b6a831c399e269772661');
insert into alumnes values('22222222N', 'Horacio', 'Sporer', 'horaciosporer@gmail.com', 'c98a0d7fe575cc92f0cc931db5e31552', 'Masquefa', 'Major 28', '937725050', '11111111D', 0, '0cc175b9c0f1b6a831c399e269772661');
insert into alumnes values('22222222O', 'Jodie', 'Schroeder', 'jodieschroeder@gmail.com', 'c98a0d7fe575cc92f0cc931db5e31552', 'Masquefa', 'Major 28', '937725050', '11111111B', 0, '0cc175b9c0f1b6a831c399e269772661');
insert into alumnes values('22222222P', 'Alumne', 'Prova', 'alumne@gmail.com', 'c98a0d7fe575cc92f0cc931db5e31552', 'Masquefa', 'Major 28', '937725050', '11111111B', 0, '0cc175b9c0f1b6a831c399e269772661');

insert into carnets values('A', 0);
insert into carnets values('A2', 0);
insert into carnets values('B', 0);

insert into alumne_carnets values('22222222A', 'A', '2017-01-15 10:00:00');
insert into alumne_carnets values('22222222A', 'B', '2017-04-20 15:00:00');
insert into alumne_carnets values('22222222B', 'A2', '2017-02-15 10:00:00');
insert into alumne_carnets values('22222222B', 'B', '2017-03-03 17:00:00');
insert into alumne_carnets values('22222222C', 'A', '2017-05-15 17:00:00');
insert into alumne_carnets values('22222222D', 'A2', '2017-01-15 17:00:00');
insert into alumne_carnets values('22222222E', 'A2', '2017-02-06 17:00:00');
insert into alumne_carnets values('22222222F', 'B', '2017-05-24 17:00:00');
insert into alumne_carnets values('22222222G', 'A', '2017-06-14 17:00:00');
insert into alumne_carnets values('22222222H', 'A', '2017-04-26 17:00:00');
insert into alumne_carnets values('22222222I', 'B', '2017-02-12 17:00:00');
insert into alumne_carnets values('22222222J', 'A2', '2017-01-02 17:00:00');
insert into alumne_carnets values('22222222K', 'B', '2017-01-02 17:00:00');
insert into alumne_carnets values('22222222L', 'B', '2017-02-06 17:00:00');
insert into alumne_carnets values('22222222M', 'A2', '2017-01-08 17:00:00');
insert into alumne_carnets values('22222222N', 'B', '2017-03-09 17:00:00');
insert into alumne_carnets values('22222222P', 'A', '2017-03-15 17:00:00');

insert into tests values('TEST0001', 'TEST 0001', 'basico', 'B', 0);

insert into preguntes values('P000001', 'Pregunta 1', 'Respuesta 1 Pregunta 1', 'Respuesta 2 Pregunta 1', 'Respuesta 3 Pregunta 1', NULL, 'TEST0001');
insert into preguntes values('P000002', 'Pregunta 2', 'Respuesta 1 Pregunta 2', 'Respuesta 2 Pregunta 2', 'Respuesta 3 Pregunta 2', NULL, 'TEST0001');
insert into preguntes values('P000003', 'Pregunta 3', 'Respuesta 1 Pregunta 3', 'Respuesta 2 Pregunta 3', 'Respuesta 3 Pregunta 3', NULL, 'TEST0001');
insert into preguntes values('P000004', 'Pregunta 4', 'Respuesta 1 Pregunta 4', 'Respuesta 2 Pregunta 4', 'Respuesta 3 Pregunta 4', NULL, 'TEST0001');
insert into preguntes values('P000005', 'Pregunta 5', 'Respuesta 1 Pregunta 5', 'Respuesta 2 Pregunta 5', 'Respuesta 3 Pregunta 5', NULL, 'TEST0001');
insert into preguntes values('P000006', 'Pregunta 6', 'Respuesta 1 Pregunta 6', 'Respuesta 2 Pregunta 6', 'Respuesta 3 Pregunta 6', NULL, 'TEST0001');
insert into preguntes values('P000007', 'Pregunta 7', 'Respuesta 1 Pregunta 7', 'Respuesta 2 Pregunta 7', 'Respuesta 3 Pregunta 7', NULL, 'TEST0001');
insert into preguntes values('P000008', 'Pregunta 8', 'Respuesta 1 Pregunta 8', 'Respuesta 2 Pregunta 8', 'Respuesta 3 Pregunta 8', NULL, 'TEST0001');
insert into preguntes values('P000009', 'Pregunta 9', 'Respuesta 1 Pregunta 9', 'Respuesta 2 Pregunta 9', 'Respuesta 3 Pregunta 9', NULL, 'TEST0001');
insert into preguntes values('P000010', 'Pregunta 10', 'Respuesta 1 Pregunta 10', 'Respuesta 2 Pregunta 10', 'Respuesta 3 Pregunta 10', NULL, 'TEST0001');
insert into preguntes values('P000011', 'Pregunta 11', 'Respuesta 1 Pregunta 11', 'Respuesta 2 Pregunta 11', 'Respuesta 3 Pregunta 11', NULL, 'TEST0001');
insert into preguntes values('P000012', 'Pregunta 12', 'Respuesta 1 Pregunta 12', 'Respuesta 2 Pregunta 12', 'Respuesta 3 Pregunta 12', NULL, 'TEST0001');
insert into preguntes values('P000013', 'Pregunta 13', 'Respuesta 1 Pregunta 13', 'Respuesta 2 Pregunta 13', 'Respuesta 3 Pregunta 13', NULL, 'TEST0001');
insert into preguntes values('P000014', 'Pregunta 14', 'Respuesta 1 Pregunta 14', 'Respuesta 2 Pregunta 14', 'Respuesta 3 Pregunta 14', NULL, 'TEST0001');
insert into preguntes values('P000015', 'Pregunta 15', 'Respuesta 1 Pregunta 15', 'Respuesta 2 Pregunta 15', 'Respuesta 3 Pregunta 15', NULL, 'TEST0001');
insert into preguntes values('P000016', 'Pregunta 16', 'Respuesta 1 Pregunta 16', 'Respuesta 2 Pregunta 16', 'Respuesta 3 Pregunta 16', NULL, 'TEST0001');
insert into preguntes values('P000017', 'Pregunta 17', 'Respuesta 1 Pregunta 17', 'Respuesta 2 Pregunta 17', 'Respuesta 3 Pregunta 17', NULL, 'TEST0001');
insert into preguntes values('P000018', 'Pregunta 18', 'Respuesta 1 Pregunta 18', 'Respuesta 2 Pregunta 18', 'Respuesta 3 Pregunta 18', NULL, 'TEST0001');
insert into preguntes values('P000019', 'Pregunta 19', 'Respuesta 1 Pregunta 19', 'Respuesta 2 Pregunta 19', 'Respuesta 3 Pregunta 19', NULL, 'TEST0001');
insert into preguntes values('P000020', 'Pregunta 20', 'Respuesta 1 Pregunta 20', 'Respuesta 2 Pregunta 20', 'Respuesta 3 Pregunta 20', NULL, 'TEST0001');
insert into preguntes values('P000021', 'Pregunta 21', 'Respuesta 1 Pregunta 21', 'Respuesta 2 Pregunta 21', 'Respuesta 3 Pregunta 21', NULL, 'TEST0001');
insert into preguntes values('P000022', 'Pregunta 22', 'Respuesta 1 Pregunta 22', 'Respuesta 2 Pregunta 22', 'Respuesta 3 Pregunta 22', NULL, 'TEST0001');
insert into preguntes values('P000023', 'Pregunta 23', 'Respuesta 1 Pregunta 23', 'Respuesta 2 Pregunta 23', 'Respuesta 3 Pregunta 23', NULL, 'TEST0001');
insert into preguntes values('P000024', 'Pregunta 24', 'Respuesta 1 Pregunta 24', 'Respuesta 2 Pregunta 24', 'Respuesta 3 Pregunta 24', NULL, 'TEST0001');
insert into preguntes values('P000025', 'Pregunta 25', 'Respuesta 1 Pregunta 25', 'Respuesta 2 Pregunta 25', 'Respuesta 3 Pregunta 25', NULL, 'TEST0001');
insert into preguntes values('P000026', 'Pregunta 26', 'Respuesta 1 Pregunta 26', 'Respuesta 2 Pregunta 26', 'Respuesta 3 Pregunta 26', NULL, 'TEST0001');
insert into preguntes values('P000027', 'Pregunta 27', 'Respuesta 1 Pregunta 27', 'Respuesta 2 Pregunta 27', 'Respuesta 3 Pregunta 27', NULL, 'TEST0001');
insert into preguntes values('P000028', 'Pregunta 28', 'Respuesta 1 Pregunta 28', 'Respuesta 2 Pregunta 28', 'Respuesta 3 Pregunta 28', NULL, 'TEST0001');
insert into preguntes values('P000029', 'Pregunta 29', 'Respuesta 1 Pregunta 29', 'Respuesta 2 Pregunta 29', 'Respuesta 3 Pregunta 29', NULL, 'TEST0001');
insert into preguntes values('P000030', 'Pregunta 30', 'Respuesta 1 Pregunta 30', 'Respuesta 2 Pregunta 30', 'Respuesta 3 Pregunta 30', NULL, 'TEST0001');


insert into alumne_practiques values(1, '2017-05-15 15:00:00', 1, '22222222P', 'Ho ha fet molt bé, però encara li falta pràctica a l''hora de fer els incorporaments a un carril!');

insert into index_taules values('alumne_tests', 1);
insert into index_taules values('alumne_respostes', 2);
insert into index_taules values('alumne_practiques', 1);
insert into index_taules values('alumne_carnets', 1);